Version;GenBank title;Release date;Organism name;Virus Lineage;Species;Family;Length;Submitters;Strain;Isolate;Geo location;Country;Collection date;Tissue/Specimen/Source;Host;Environmental;CDS count;Artificial;UNVERIFIED;1A;1A-strand;1B;1B-strand;2;2-strand;Host class;Species_ICTV
PQ150499.1;MAG: Solanum melongena bastro-like virus isolate Hebei_128 genomic sequence;18-FEB-2025;Solanum melongena bastro-like virus;"Viruses;Riboviria;Orthornavirae;Pisuviricota;Stelpaviricetes;Stellavirales;Astroviridae";;Astroviridae;7418.0;Gao,W.-Y., Ye,R.-Z., Liu,Y.-T., Tian,D., Wang,J., Wang,T.-H., Cui,X.-M., Xia,X. and Cao,W.-C.;;Hebei_128;China: Hebei;;2023;;Rhipicephalus sanguineus;Yes;2.0;No;No;NA-NA;;426-6450;1.0;NA-NA;;Arachnida;
PQ161557.1;"MAG: Bastrovirus Brazil/sewage isolate CS26 hypothetical protein genes, complete cds; and hypothetical protein gene, partial cds";26-OCT-2024;Bastrovirus Brazil/sewage;"Viruses;Riboviria;Orthornavirae;Pisuviricota;Stelpaviricetes;Stellavirales;Astroviridae";;Astroviridae;5667.0;Richard,J.C., Dunn,C.D. and Goldberg,T.L.;;CS26;USA: Middle Fork Holston River, Virginia;;25-Oct-2021;freshwater mussel tissue biopsies;Ortmanniana pectorosa;Yes;3.0;No;No;NA-NA;;30-4254;1.0;NA-NA;;Bivalvia;
PQ055527.1;MAG: Qianjiang astro-like virus 4 isolate QJ3TS1993 cRNA sequence;24-SEP-2024;Qianjiang astro-like virus 4;"Viruses;Riboviria;Orthornavirae;Pisuviricota;Stelpaviricetes;Stellavirales;Astroviridae";;Astroviridae;6333.0;Guo,G., Liu,Z., Weng,S. and He,J.;;QJ3TS1993;China: Qianjiang, Hubei Province;;21-Mar-2021;;Procambarus clarkii;Yes;1.0;No;No;NA-NA;;23-6293;1.0;NA-NA;;Malacostraca;
PQ055525.1;MAG: Qianjiang astro-like virus 2 isolate QJ3TG1479 cRNA sequence;24-SEP-2024;Qianjiang astro-like virus 2;"Viruses;Riboviria;Orthornavirae;Pisuviricota;Stelpaviricetes;Stellavirales;Astroviridae";;Astroviridae;7005.0;Guo,G., Liu,Z., Weng,S. and He,J.;;QJ3TG1479;China: Qianjiang, Hubei Province;;21-Mar-2021;;Procambarus clarkii;Yes;1.0;No;No;NA-NA;;29-6623;1.0;NA-NA;;Malacostraca;
PP173657.1;MAG: Ripistuv virus isolate MP3_k141_5253 genomic sequence;20-APR-2024;Ripistuv virus;"Viruses;Riboviria;Orthornavirae;Pisuviricota;Stelpaviricetes;Stellavirales;Astroviridae";;Astroviridae;6586.0;Sadiq,S., Harvey,E., Mifsud,J.C.O., Minasny,B., Mcbratney,A.B., Pozza,L.E., Mahar,J.E. and Holmes,E.C.;;MP3_k141_5253;Australia: Western Australia;;09-May-2022;riverbank sediment;;Yes;1.0;No;No;NA-NA;;28-6586;-1.0;NA-NA;;;
PP172843.1;MAG: Ripikrak virus isolate KCAP1_k141_96123 genomic sequence;20-APR-2024;Ripikrak virus;"Viruses;Riboviria;Orthornavirae;Pisuviricota;Stelpaviricetes;Stellavirales;Astroviridae";;Astroviridae;9484.0;Sadiq,S., Harvey,E., Mifsud,J.C.O., Minasny,B., Mcbratney,A.B., Pozza,L.E., Mahar,J.E. and Holmes,E.C.;;KCAP1_k141_96123;Australia: Western Australia;;09-May-2022;riverbank sediment;;Yes;1.0;No;No;NA-NA;;70-9073;-1.0;NA-NA;;;
PP172690.1;MAG: Ripinasc virus isolate KCAP1_k141_334640 genomic sequence;20-APR-2024;Ripinasc virus;"Viruses;Riboviria;Orthornavirae;Pisuviricota;Stelpaviricetes;Stellavirales;Astroviridae";;Astroviridae;4331.0;Sadiq,S., Harvey,E., Mifsud,J.C.O., Minasny,B., Mcbratney,A.B., Pozza,L.E., Mahar,J.E. and Holmes,E.C.;;KCAP1_k141_334640;Australia: Western Australia;;09-May-2022;riverbank sediment;;Yes;1.0;No;No;NA-NA;;2-4331;1.0;NA-NA;;;
OR270284.1;MAG: Culex Bastrovirus-like virus isolate OGH01 clone gangh01 genomic sequence;10-DEC-2023;Culex Bastrovirus-like virus;"Viruses;Riboviria;Orthornavirae;Pisuviricota;Stelpaviricetes;Stellavirales;Astroviridae";;Astroviridae;5258.0;Richard,J.C., Dunn,C.D. and Goldberg,T.L.;;OGH01;USA: Owyhee River, Oregon;;25-Jul-2018;hemolymph;Gonidea angulata;Yes;4.0;No;No;NA-NA;;10-4228;1.0;4285-5258;1.0;Bivalvia;
OQ802761.1;MAG: Wufeng shrew bastrovirus 2 isolate WF_Ch.smithii_bastro_2 genomic sequence;30-OCT-2023;Wufeng shrew bastrovirus 2;"Viruses;Riboviria;Orthornavirae;Pisuviricota;Stelpaviricetes;Stellavirales;Astroviridae";;Astroviridae;4867.0;Chen,Y.-M., Hu,S.-J. and Zhang,Y.-Z.;;WF_Ch.smithii_bastro_2;China: Wufeng;;2016/2017;;Chodsigoa smithii;Yes;1.0;No;No;NA-NA;;74-4484;1.0;NA-NA;;Mammalia;
OR439362.1;Bat bastrovirus isolate BastroV-HMU-6 nonstructural protein and capsid protein genes, complete cds;04-OCT-2023;Bat bastrovirus;"Viruses;Riboviria;Orthornavirae;Pisuviricota;Stelpaviricetes;Stellavirales;Astroviridae";;Astroviridae;5588.0;Li,Z., Li,Y., Wang,G., Du,J., Yin,F. and Tang,C.;;BastroV-HMU-6;China;;Oct-2015;anal swab;Rhinolophus affinis;No;2.0;No;No;NA-NA;;74-4298;1.0;4323-5376;1.0;Mammalia;
OM451109.1;"MAG: Squirrel astrovirus 1 isolate GD-MO2 nonstructural protein gene, partial cds; and capsid protein precursor, gene, complete cds";23-FEB-2022;Squirrel astrovirus 1;"Viruses;Riboviria;Orthornavirae;Pisuviricota;Stelpaviricetes;Stellavirales;Astroviridae";;Astroviridae;6553.0;He,W.-T., Hou,X. and Zhao,J.;;GD-MO2;China;;2021;;pallas's squirrel;Yes;2.0;No;No;NA-NA;;2-4154;1.0;4146-6501;1.0;Mammalia;
OM451110.1;MAG: Squirrel astrovirus 2 isolate FJ-MO1, complete genome;23-FEB-2022;Squirrel astrovirus 2;"Viruses;Riboviria;Orthornavirae;Pisuviricota;Stelpaviricetes;Stellavirales;Astroviridae";;Astroviridae;6999.0;He,W.-T., Hou,X. and Zhao,J.;;FJ-MO1;China;;2021;;Eurasian red squirrel;Yes;2.0;No;No;NA-NA;;1-4324;1.0;4316-6785;1.0;Mammalia;
MT568535.1;MAG: Pyongtaek Culex bastrovirus isolate -like virus A18.1505 genomic sequence;15-DEC-2021;Pyongtaek Culex bastrovirus;"Viruses;Riboviria;Orthornavirae;Pisuviricota;Stelpaviricetes;Stellavirales;Astroviridae";;Astroviridae;5243.0;Sanborn,M.A., Kim,H.C., Wuertz,K.M., Yang,Y., Li,T., Pollett,S.D., Jarman,R.G., Maljkovic Berry,I., Klein,T.A. and Hang,J.;;-like virus A18.1505;South Korea: Camp Hamphreys;;27-Jun-2018;a pool of 16 Culex tritaeniorhynchus mosquitoes;Culex tritaeniorhynchus;Yes;2.0;No;No;NA-NA;;6-4251;1.0;NA-NA;;Insecta;
MZ443626.1;Nelson Astrovirus-like 1 isolate Vvul_virus_58 hypothetical protein genes, complete cds;12-SEP-2021;Nelson Astrovirus-like 1;"Viruses;Riboviria;Orthornavirae;Pisuviricota;Stelpaviricetes;Stellavirales;Astroviridae";;Astroviridae;5832.0;Remnant,E.J., Baty,J.W., Bulgarella,M., Dobelmann,J., Oliver,Q., Gruber,M.A.M. and Lester,P.J.;;Vvul_virus_58;New Zealand;;;;Vespula vulgaris;No;2.0;No;No;NA-NA;;49-4276;1.0;NA-NA;;Insecta;
MW346737.1;MAG: Astroviridae sp. isolate 1aq-RDRP-4 nonstructural polyprotein gene, complete cds;13-FEB-2021;Astroviridae sp.;"Viruses;Riboviria;Orthornavirae;Pisuviricota;Stelpaviricetes;Stellavirales;Astroviridae";;Astroviridae;4277.0;Lu,J., Shen,Q., Yang,S. and Zhang,W.;;1aq-RDRP-4;China: Yangtze River;;2017;water samples from river ports along the Yangtze River in China;;Yes;1.0;No;No;NA-NA;;23-4268;1.0;NA-NA;;;
MN841288.1;Solanum melongena bastro-like virus strain pt065-phy-4-plant 65, complete genome;09-JUN-2020;Solanum melongena bastro-like virus;"Viruses;Riboviria;Orthornavirae;Pisuviricota;Stelpaviricetes;Stellavirales;Astroviridae";;Astroviridae;7836.0;Dai,Y.Z., Yang,X.S. and Zhang,W.;pt065-phy-4-plant 65;;;;;;Solanum melongena L.;No;2.0;No;No;NA-NA;;840-6864;1.0;NA-NA;;Magnoliopsida;
NC_040647.1;Culex Bastrovirus-like virus strain CAVL/Fresno, complete genome;12-SEP-2019;Culex Bastrovirus-like virus;"Viruses;Riboviria;Orthornavirae;Pisuviricota;Stelpaviricetes;Stellavirales;Astroviridae";;Astroviridae;5415.0;Sadeghi,M., Altan,E., Deng,X., Coffey,L. and Delwart,E.;CAVL/Fresno;;USA;;02-Jul-2016;;Culex sp. (mosquito);No;1.0;No;No;NA-NA;;66-5349;1.0;NA-NA;;Insecta;
MN035838.1;MAG: Astroviridae sp. isolate H4_Bulk_47_scaffold_62 sequence;10-JUL-2019;Astroviridae sp.;"Viruses;Riboviria;Orthornavirae;Pisuviricota;Stelpaviricetes;Stellavirales;Astroviridae";;Astroviridae;5686.0;Starr,E.P., Nuccio,E., Pett-Ridge,J., Banfield,J.F. and Firestone,M.K.;;H4_Bulk_47_scaffold_62;USA: Hopland, California;;;grassland soil;;Yes;0.0;No;No;NA-NA;;5684-45;-1.0;NA-NA;;;
MN033872.1;MAG: Astroviridae sp. isolate H3_Bulk_Litter_17_scaffold_52 RNA-dependent RNA polymerase (H3BulkLitter1752_000001) and hypothetical protein (H3BulkLitter1752_000002) genes, complete cds;10-JUL-2019;Astroviridae sp.;"Viruses;Riboviria;Orthornavirae;Pisuviricota;Stelpaviricetes;Stellavirales;Astroviridae";;Astroviridae;10087.0;Starr,E.P., Nuccio,E., Pett-Ridge,J., Banfield,J.F. and Firestone,M.K.;;H3_Bulk_Litter_17_scaffold_52;USA: Hopland, California;;;grassland soil;;Yes;2.0;No;No;NA-NA;;838-8044;1.0;NA-NA;;;
MH188020.1;Culex Bastrovirus-like virus strain CAVL/Fresno, complete genome;29-AUG-2018;Culex Bastrovirus-like virus;"Viruses;Riboviria;Orthornavirae;Pisuviricota;Stelpaviricetes;Stellavirales;Astroviridae";;Astroviridae;5415.0;Sadeghi,M., Altan,E., Deng,X., Coffey,L. and Delwart,E.;CAVL/Fresno;;USA;;02-Jul-2016;;Culex sp. (mosquito);No;1.0;No;No;NA-NA;;63-5349;1.0;NA-NA;;Insecta;
